metin,etiket,kaynak
"Türkiye Cumhuriyeti, Anadolu ve Trakya'da kurulmuş bir ülkedir.",modern,manuel_modern
Bilim ve teknoloji alanında sürekli gelişim göstermektedir.,modern,manuel_modern
Eğitim sistemi sürekli yenilenmekte ve geliştirilmektedir.,modern,manuel_modern
Sağlık hizmetleri tüm vatandaşlara eşit şekilde sunulmaktadır.,modern,manuel_modern
Ekonomik kalkınma sürdürülebilir büyümeyi hedeflemektedir.,modern,manuel_modern
Kültürel miras korunarak gelecek nesillere aktarılmaktadır.,modern,manuel_modern
Çevre dostu politikalar uygulanarak doğa korunmaktadır.,modern,manuel_modern
Teknolojik yenilikler hayatın her alanında kullanılmaktadır.,modern,manuel_modern
Sanat ve edebiyat alanında önemli eserler üretilmektedir.,modern,manuel_modern
Spor faaliyetleri toplumsal gelişimin önemli bir parçasıdır.,modern,manuel_modern
Bu gün hava pek hoş idi ve biz de gezintiye çıktuk.,osmanlica,manuel_ottoman
Mekteb-i tıbbiye-i şahane'de tahsil görmüş idi.,osmanlica,manuel_ottoman
Devlet-i aliyye'nin emr-i şerifi mucibince hareket edildi.,osmanlica,manuel_ottoman
Vakt-i seher olduğunda herkes uyanmış idi.,osmanlica,manuel_ottoman
Padişah-ı zaman efendimizin irade-i seniyyesi sadır oldu.,osmanlica,manuel_ottoman
Darülfünun'da ders veren müderris efendi geldi.,osmanlica,manuel_ottoman
Babıali'de vukua gelen müzakerat neticesinde karar verildi.,osmanlica,manuel_ottoman
Maliye nezareti'nden gelen tezkere okundu.,osmanlica,manuel_ottoman
Serasker paşa hazretleri ordugâha teşrif ettiler.,osmanlica,manuel_ottoman
Meclis-i mebusan'da müzakere edilen kanun kabul edildi.,osmanlica,manuel_ottoman
"Bu film baya iyi ya, kesinlikle izleyin bence.",sosyal,manuel_social
"Abi çok güzel bir konser olmuş, müthiş eğlendik lan.",sosyal,manuel_social
Bu dersi geçmek için çok çalışmak gerekiyor yav.,sosyal,manuel_social
"Arkadaşlarla buluştuk, süper bir gün geçirdik ya.",sosyal,manuel_social
"Bu oyun çok sarıyor abi, bırakamıyorum artık.",sosyal,manuel_social
"Canım çok sıkıldı, bir şeyler yapalım hadi ya.",sosyal,manuel_social
Bu restoran baya pahalı ama yemekleri süper iyi.,sosyal,manuel_social
"Sınavlar yaklaşıyor, çok stresli dönem başlıyor abi.",sosyal,manuel_social
"Bu dizi çok sürükleyici ya, bir bölüm izliyorum diğeri başlıyor.",sosyal,manuel_social
"Hava çok güzel, dışarı çıkalım biraz dolaşalım ya.",sosyal,manuel_social
"Bu gün ava çok güzel olmuş bea, çıkalım dışarı.",agiz,manuel_dialect
"Çayımızı içelim de, biraz sohbet edelim ya.",agiz,manuel_dialect
"Bu işi nasıl yapacağız ki, biri yardım etsin bea.",agiz,manuel_dialect
Bu akşam sinemaya gidelim mi canım?,agiz,manuel_dialect
"Çok güzel bir gün olmuş, keyfim yerinde.",agiz,manuel_dialect
"Bu işi böyle yapmayalım da, başka türlü yapalım.",agiz,manuel_dialect
"Çok güzel meyve olmuş, alalım biraz eve.",agiz,manuel_dialect
"Bu kış çok soğuk geçti, bahar gelse artık.",agiz,manuel_dialect
"Çiftlikte işler iyi gidiyor, hamdolsun.",agiz,manuel_dialect
"Bu yemek çok lezzetli olmuş, afiyet olsun.",agiz,manuel_dialect
"Türkiye Cumhuriyeti, Anadolu ile Trakya'da kurulmuş bir ülkedir.",modern,variation_modern
Ekonomik kalkınma sürdürülebilir büyümeyi hedeflemektedir.,modern,variation_modern
Spor faaliyetleri toplumsal gelişimin önemli bir parçasıdır.,modern,variation_modern
Sağlık hizmetleri tüm vatandaşlara eşit şekilde sunulmaktadır.,modern,variation_modern
Spor faaliyetleri toplumsal gelişimin önemli bir parçasıdır.,modern,variation_modern
Kültürel miras korunarak gelecek nesillere aktarılmaktadır.,modern,variation_modern
Sağlık hizmetleri tüm vatandaşlara eşit şekilde sunulmaktadır.,modern,variation_modern
"Türkiye Cumhuriyeti, Anadolu ile Trakya'da kurulmuş bir ülkedir.",modern,variation_modern
"Türkiye Cumhuriyeti, Anadolu de Trakya'da kurulmuş bir ülkedir.",modern,variation_modern
Sanat ile edebiyat alanında önemli eserler üretilmektedir.,modern,variation_modern
Sanat de edebiyat alanında önemli eserler üretilmektedir.,modern,variation_modern
Sanat de edebiyat alanında önemli eserler üretilmektedir.,modern,variation_modern
Ekonomik kalkınma sürdürülebilir büyümeyi hedeflemektedir.,modern,variation_modern
Kültürel miras korunarak gelecek nesillere aktarılmaktadır.,modern,variation_modern
Sağlık hizmetleri tüm vatandaşlara eşit şekilde sunulmaktadır.,modern,variation_modern
Teknolojik yenilikler hayatın her alanında kullanılmaktadır.,modern,variation_modern
Sanat ile edebiyat alanında önemli eserler üretilmektedir.,modern,variation_modern
Teknolojik yenilikler hayatın her alanında kullanılmaktadır.,modern,variation_modern
"Türkiye Cumhuriyeti, Anadolu de Trakya'da kurulmuş bir ülkedir.",modern,variation_modern
Bilim de teknoloji alanında sürekli gelişim göstermektedir.,modern,variation_modern
Spor faaliyetleri toplumsal gelişimin önemli bir parçasıdır.,modern,variation_modern
Ekonomik kalkınma sürdürülebilir büyümeyi hedeflemektedir.,modern,variation_modern
"Türkiye Cumhuriyeti, Anadolu de Trakya'da kurulmuş bir ülkedir.",modern,variation_modern
Kültürel miras korunarak gelecek nesillere aktarılmaktadır.,modern,variation_modern
Ekonomik kalkınma sürdürülebilir büyümeyi hedeflemektedir.,modern,variation_modern
Çevre dostu politikalar uygulanarak doğa korunmaktadır.,modern,variation_modern
Eğitim sistemi sürekli yenilenmekte de geliştirilmektedir.,modern,variation_modern
Sanat ile edebiyat alanında önemli eserler üretilmektedir.,modern,variation_modern
"Türkiye Cumhuriyeti, Anadolu ile Trakya'da kurulmuş bir ülkedir.",modern,variation_modern
Kültürel miras korunarak gelecek nesillere aktarılmaktadır.,modern,variation_modern
Eğitim sistemi sürekli yenilenmekte ile geliştirilmektedir.,modern,variation_modern
Bilim ile teknoloji alanında sürekli gelişim göstermektedir.,modern,variation_modern
Bilim de teknoloji alanında sürekli gelişim göstermektedir.,modern,variation_modern
Bilim ile teknoloji alanında sürekli gelişim göstermektedir.,modern,variation_modern
Spor faaliyetleri toplumsal gelişimin önemli bir parçasıdır.,modern,variation_modern
Çevre dostu politikalar uygulanarak doğa korunmaktadır.,modern,variation_modern
Spor faaliyetleri toplumsal gelişimin önemli bir parçasıdır.,modern,variation_modern
"Türkiye Cumhuriyeti, Anadolu de Trakya'da kurulmuş bir ülkedir.",modern,variation_modern
Eğitim sistemi sürekli yenilenmekte de geliştirilmektedir.,modern,variation_modern
Spor faaliyetleri toplumsal gelişimin önemli bir parçasıdır.,modern,variation_modern
"Türkiye Cumhuriyeti, Anadolu de Trakya'da kurulmuş bir ülkedir.",modern,variation_modern
"Türkiye Cumhuriyeti, Anadolu de Trakya'da kurulmuş bir ülkedir.",modern,variation_modern
Teknolojik yenilikler hayatın her alanında kullanılmaktadır.,modern,variation_modern
Sanat ile edebiyat alanında önemli eserler üretilmektedir.,modern,variation_modern
Teknolojik yenilikler hayatın her alanında kullanılmaktadır.,modern,variation_modern
Teknolojik yenilikler hayatın her alanında kullanılmaktadır.,modern,variation_modern
Bilim ile teknoloji alanında sürekli gelişim göstermektedir.,modern,variation_modern
Bilim ile teknoloji alanında sürekli gelişim göstermektedir.,modern,variation_modern
Çevre dostu politikalar uygulanarak doğa korunmaktadır.,modern,variation_modern
Spor faaliyetleri toplumsal gelişimin önemli bir parçasıdır.,modern,variation_modern
Ekonomik kalkınma sürdürülebilir büyümeyi hedeflemektedir.,modern,variation_modern
Eğitim sistemi sürekli yenilenmekte de geliştirilmektedir.,modern,variation_modern
Spor faaliyetleri toplumsal gelişimin önemli bir parçasıdır.,modern,variation_modern
Ekonomik kalkınma sürdürülebilir büyümeyi hedeflemektedir.,modern,variation_modern
Eğitim sistemi sürekli yenilenmekte ile geliştirilmektedir.,modern,variation_modern
Eğitim sistemi sürekli yenilenmekte ile geliştirilmektedir.,modern,variation_modern
Eğitim sistemi sürekli yenilenmekte de geliştirilmektedir.,modern,variation_modern
Sanat de edebiyat alanında önemli eserler üretilmektedir.,modern,variation_modern
Sanat ile edebiyat alanında önemli eserler üretilmektedir.,modern,variation_modern
Spor faaliyetleri toplumsal gelişimin önemli bir parçasıdır.,modern,variation_modern
Sanat de edebiyat alanında önemli eserler üretilmektedir.,modern,variation_modern
Teknolojik yenilikler hayatın her alanında kullanılmaktadır.,modern,variation_modern
"Türkiye Cumhuriyeti, Anadolu de Trakya'da kurulmuş bir ülkedir.",modern,variation_modern
Kültürel miras korunarak gelecek nesillere aktarılmaktadır.,modern,variation_modern
"Türkiye Cumhuriyeti, Anadolu ile Trakya'da kurulmuş bir ülkedir.",modern,variation_modern
Sağlık hizmetleri tüm vatandaşlara eşit şekilde sunulmaktadır.,modern,variation_modern
Teknolojik yenilikler hayatın her alanında kullanılmaktadır.,modern,variation_modern
Bilim ile teknoloji alanında sürekli gelişim göstermektedir.,modern,variation_modern
Spor faaliyetleri toplumsal gelişimin önemli bir parçasıdır.,modern,variation_modern
"Türkiye Cumhuriyeti, Anadolu de Trakya'da kurulmuş bir ülkedir.",modern,variation_modern
Eğitim sistemi sürekli yenilenmekte de geliştirilmektedir.,modern,variation_modern
Teknolojik yenilikler hayatın her alanında kullanılmaktadır.,modern,variation_modern
Eğitim sistemi sürekli yenilenmekte de geliştirilmektedir.,modern,variation_modern
Sağlık hizmetleri tüm vatandaşlara eşit şekilde sunulmaktadır.,modern,variation_modern
Sağlık hizmetleri tüm vatandaşlara eşit şekilde sunulmaktadır.,modern,variation_modern
Ekonomik kalkınma sürdürülebilir büyümeyi hedeflemektedir.,modern,variation_modern
Ekonomik kalkınma sürdürülebilir büyümeyi hedeflemektedir.,modern,variation_modern
"Türkiye Cumhuriyeti, Anadolu ile Trakya'da kurulmuş bir ülkedir.",modern,variation_modern
"Türkiye Cumhuriyeti, Anadolu ile Trakya'da kurulmuş bir ülkedir.",modern,variation_modern
"Türkiye Cumhuriyeti, Anadolu ile Trakya'da kurulmuş bir ülkedir.",modern,variation_modern
Bilim de teknoloji alanında sürekli gelişim göstermektedir.,modern,variation_modern
"Türkiye Cumhuriyeti, Anadolu de Trakya'da kurulmuş bir ülkedir.",modern,variation_modern
Kültürel miras korunarak gelecek nesillere aktarılmaktadır.,modern,variation_modern
Sağlık hizmetleri tüm vatandaşlara eşit şekilde sunulmaktadır.,modern,variation_modern
Spor faaliyetleri toplumsal gelişimin önemli bir parçasıdır.,modern,variation_modern
Kültürel miras korunarak gelecek nesillere aktarılmaktadır.,modern,variation_modern
Spor faaliyetleri toplumsal gelişimin önemli bir parçasıdır.,modern,variation_modern
"Türkiye Cumhuriyeti, Anadolu ile Trakya'da kurulmuş bir ülkedir.",modern,variation_modern
Çevre dostu politikalar uygulanarak doğa korunmaktadır.,modern,variation_modern
Spor faaliyetleri toplumsal gelişimin önemli bir parçasıdır.,modern,variation_modern
Teknolojik yenilikler hayatın her alanında kullanılmaktadır.,modern,variation_modern
Eğitim sistemi sürekli yenilenmekte de geliştirilmektedir.,modern,variation_modern
"Türkiye Cumhuriyeti, Anadolu ile Trakya'da kurulmuş bir ülkedir.",modern,variation_modern
Sağlık hizmetleri tüm vatandaşlara eşit şekilde sunulmaktadır.,modern,variation_modern
Sanat ile edebiyat alanında önemli eserler üretilmektedir.,modern,variation_modern
Sağlık hizmetleri tüm vatandaşlara eşit şekilde sunulmaktadır.,modern,variation_modern
Kültürel miras korunarak gelecek nesillere aktarılmaktadır.,modern,variation_modern
Kültürel miras korunarak gelecek nesillere aktarılmaktadır.,modern,variation_modern
Ekonomik kalkınma sürdürülebilir büyümeyi hedeflemektedir.,modern,variation_modern
Ekonomik kalkınma sürdürülebilir büyümeyi hedeflemektedir.,modern,variation_modern
Sağlık hizmetleri tüm vatandaşlara eşit şekilde sunulmaktadır.,modern,variation_modern
Ekonomik kalkınma sürdürülebilir büyümeyi hedeflemektedir.,modern,variation_modern
Çevre dostu politikalar uygulanarak doğa korunmaktadır.,modern,variation_modern
Eğitim sistemi sürekli yenilenmekte de geliştirilmektedir.,modern,variation_modern
Ekonomik kalkınma sürdürülebilir büyümeyi hedeflemektedir.,modern,variation_modern
"Türkiye Cumhuriyeti, Anadolu ile Trakya'da kurulmuş bir ülkedir.",modern,variation_modern
Bilim de teknoloji alanında sürekli gelişim göstermektedir.,modern,variation_modern
Çevre dostu politikalar uygulanarak doğa korunmaktadır.,modern,variation_modern
Eğitim sistemi sürekli yenilenmekte ile geliştirilmektedir.,modern,variation_modern
Çevre dostu politikalar uygulanarak doğa korunmaktadır.,modern,variation_modern
Bilim de teknoloji alanında sürekli gelişim göstermektedir.,modern,variation_modern
Bilim de teknoloji alanında sürekli gelişim göstermektedir.,modern,variation_modern
Sağlık hizmetleri tüm vatandaşlara eşit şekilde sunulmaktadır.,modern,variation_modern
Spor faaliyetleri toplumsal gelişimin önemli bir parçasıdır.,modern,variation_modern
"Türkiye Cumhuriyeti, Anadolu de Trakya'da kurulmuş bir ülkedir.",modern,variation_modern
Sağlık hizmetleri tüm vatandaşlara eşit şekilde sunulmaktadır.,modern,variation_modern
Çevre dostu politikalar uygulanarak doğa korunmaktadır.,modern,variation_modern
Eğitim sistemi sürekli yenilenmekte ile geliştirilmektedir.,modern,variation_modern
Bilim ile teknoloji alanında sürekli gelişim göstermektedir.,modern,variation_modern
"Türkiye Cumhuriyeti, Anadolu ile Trakya'da kurulmuş bir ülkedir.",modern,variation_modern
Spor faaliyetleri toplumsal gelişimin önemli bir parçasıdır.,modern,variation_modern
Sanat ile edebiyat alanında önemli eserler üretilmektedir.,modern,variation_modern
Sağlık hizmetleri tüm vatandaşlara eşit şekilde sunulmaktadır.,modern,variation_modern
Bilim de teknoloji alanında sürekli gelişim göstermektedir.,modern,variation_modern
Kültürel miras korunarak gelecek nesillere aktarılmaktadır.,modern,variation_modern
"Türkiye Cumhuriyeti, Anadolu de Trakya'da kurulmuş bir ülkedir.",modern,variation_modern
Teknolojik yenilikler hayatın her alanında kullanılmaktadır.,modern,variation_modern
Kültürel miras korunarak gelecek nesillere aktarılmaktadır.,modern,variation_modern
Spor faaliyetleri toplumsal gelişimin önemli bir parçasıdır.,modern,variation_modern
Spor faaliyetleri toplumsal gelişimin önemli bir parçasıdır.,modern,variation_modern
Teknolojik yenilikler hayatın her alanında kullanılmaktadır.,modern,variation_modern
Bilim de teknoloji alanında sürekli gelişim göstermektedir.,modern,variation_modern
Sanat de edebiyat alanında önemli eserler üretilmektedir.,modern,variation_modern
Sağlık hizmetleri tüm vatandaşlara eşit şekilde sunulmaktadır.,modern,variation_modern
"Türkiye Cumhuriyeti, Anadolu de Trakya'da kurulmuş bir ülkedir.",modern,variation_modern
Spor faaliyetleri toplumsal gelişimin önemli bir parçasıdır.,modern,variation_modern
Spor faaliyetleri toplumsal gelişimin önemli bir parçasıdır.,modern,variation_modern
Teknolojik yenilikler hayatın her alanında kullanılmaktadır.,modern,variation_modern
Bilim ile teknoloji alanında sürekli gelişim göstermektedir.,modern,variation_modern
Sanat ile edebiyat alanında önemli eserler üretilmektedir.,modern,variation_modern
Sağlık hizmetleri tüm vatandaşlara eşit şekilde sunulmaktadır.,modern,variation_modern
"Türkiye Cumhuriyeti, Anadolu de Trakya'da kurulmuş bir ülkedir.",modern,variation_modern
Çevre dostu politikalar uygulanarak doğa korunmaktadır.,modern,variation_modern
Çevre dostu politikalar uygulanarak doğa korunmaktadır.,modern,variation_modern
Spor faaliyetleri toplumsal gelişimin önemli bir parçasıdır.,modern,variation_modern
Eğitim sistemi sürekli yenilenmekte ile geliştirilmektedir.,modern,variation_modern
"Türkiye Cumhuriyeti, Anadolu de Trakya'da kurulmuş bir ülkedir.",modern,variation_modern
Sağlık hizmetleri tüm vatandaşlara eşit şekilde sunulmaktadır.,modern,variation_modern
Sağlık hizmetleri tüm vatandaşlara eşit şekilde sunulmaktadır.,modern,variation_modern
Sağlık hizmetleri tüm vatandaşlara eşit şekilde sunulmaktadır.,modern,variation_modern
Teknolojik yenilikler hayatın her alanında kullanılmaktadır.,modern,variation_modern
Kültürel miras korunarak gelecek nesillere aktarılmaktadır.,modern,variation_modern
Sağlık hizmetleri tüm vatandaşlara eşit şekilde sunulmaktadır.,modern,variation_modern
Kültürel miras korunarak gelecek nesillere aktarılmaktadır.,modern,variation_modern
Kültürel miras korunarak gelecek nesillere aktarılmaktadır.,modern,variation_modern
Çevre dostu politikalar uygulanarak doğa korunmaktadır.,modern,variation_modern
Kültürel miras korunarak gelecek nesillere aktarılmaktadır.,modern,variation_modern
"Türkiye Cumhuriyeti, Anadolu ile Trakya'da kurulmuş bir ülkedir.",modern,variation_modern
Sanat ile edebiyat alanında önemli eserler üretilmektedir.,modern,variation_modern
Ekonomik kalkınma sürdürülebilir büyümeyi hedeflemektedir.,modern,variation_modern
Teknolojik yenilikler hayatın her alanında kullanılmaktadır.,modern,variation_modern
Sağlık hizmetleri tüm vatandaşlara eşit şekilde sunulmaktadır.,modern,variation_modern
"Türkiye Cumhuriyeti, Anadolu de Trakya'da kurulmuş bir ülkedir.",modern,variation_modern
Eğitim sistemi sürekli yenilenmekte ile geliştirilmektedir.,modern,variation_modern
Kültürel miras korunarak gelecek nesillere aktarılmaktadır.,modern,variation_modern
Teknolojik yenilikler hayatın her alanında kullanılmaktadır.,modern,variation_modern
Sanat ile edebiyat alanında önemli eserler üretilmektedir.,modern,variation_modern
Teknolojik yenilikler hayatın her alanında kullanılmaktadır.,modern,variation_modern
Sağlık hizmetleri tüm vatandaşlara eşit şekilde sunulmaktadır.,modern,variation_modern
Bilim ile teknoloji alanında sürekli gelişim göstermektedir.,modern,variation_modern
Eğitim sistemi sürekli yenilenmekte ile geliştirilmektedir.,modern,variation_modern
Eğitim sistemi sürekli yenilenmekte ile geliştirilmektedir.,modern,variation_modern
Kültürel miras korunarak gelecek nesillere aktarılmaktadır.,modern,variation_modern
Bilim ile teknoloji alanında sürekli gelişim göstermektedir.,modern,variation_modern
Kültürel miras korunarak gelecek nesillere aktarılmaktadır.,modern,variation_modern
Bilim de teknoloji alanında sürekli gelişim göstermektedir.,modern,variation_modern
Eğitim sistemi sürekli yenilenmekte ile geliştirilmektedir.,modern,variation_modern
Ekonomik kalkınma sürdürülebilir büyümeyi hedeflemektedir.,modern,variation_modern
Çevre dostu politikalar uygulanarak doğa korunmaktadır.,modern,variation_modern
Sağlık hizmetleri tüm vatandaşlara eşit şekilde sunulmaktadır.,modern,variation_modern
Eğitim sistemi sürekli yenilenmekte ile geliştirilmektedir.,modern,variation_modern
Bilim ile teknoloji alanında sürekli gelişim göstermektedir.,modern,variation_modern
Bilim de teknoloji alanında sürekli gelişim göstermektedir.,modern,variation_modern
Sanat ile edebiyat alanında önemli eserler üretilmektedir.,modern,variation_modern
Bilim de teknoloji alanında sürekli gelişim göstermektedir.,modern,variation_modern
Bilim de teknoloji alanında sürekli gelişim göstermektedir.,modern,variation_modern
Teknolojik yenilikler hayatın her alanında kullanılmaktadır.,modern,variation_modern
Bilim ile teknoloji alanında sürekli gelişim göstermektedir.,modern,variation_modern
Kültürel miras korunarak gelecek nesillere aktarılmaktadır.,modern,variation_modern
Ekonomik kalkınma sürdürülebilir büyümeyi hedeflemektedir.,modern,variation_modern
Babıali'de vukua gelen müzakerat neticesinde karar verildi.,osmanlica,variation_osmanlica
Babıali'de vukua gelen müzakerat neticesinde karar verildi.,osmanlica,variation_osmanlica
Babıali'de vukua gelen müzakerat neticesinde karar verildi.,osmanlica,variation_osmanlica
Padişah-ı zaman efendimizin irade-i seniyyesi sadır oldu.,osmanlica,variation_osmanlica
Padişah-ı zaman efendimizin irade-i seniyyesi sadır oldu.,osmanlica,variation_osmanlica
Padişah-ı zaman efendimizin irade-i seniyyesi sadır oldu.,osmanlica,variation_osmanlica
Darülfünun'da ders veren müderris efendi geldi.,osmanlica,variation_osmanlica
Padişah-ı zaman efendimizin irade-i seniyyesi sadır oldu.,osmanlica,variation_osmanlica
Mekteb-i tıbbiye-i şahane'de tahsil görmüş imiş.,osmanlica,variation_osmanlica
Bu gün hava pek hoş olmuş idi ve biz de gezintiye çıktuk.,osmanlica,variation_osmanlica
Mekteb-i tıbbiye-i şahane'de tahsil görmüş idi.,osmanlica,variation_osmanlica
Mekteb-i tıbbiye-i şahane'de tahsil görmüş idi.,osmanlica,variation_osmanlica
Meclis-i mebusan'da müzakere edilen kanun kabul edildi.,osmanlica,variation_osmanlica
Maliye nezareti'nden gelen tezkere okundu.,osmanlica,variation_osmanlica
Devlet-i aliyye'nin emr-i şerifi mucibince hareket edildi.,osmanlica,variation_osmanlica
Darülfünun'da ders veren müderris efendi geldi.,osmanlica,variation_osmanlica
Serasker paşa hazretleri ordugâha teşrif ettiler.,osmanlica,variation_osmanlica
Meclis-i mebusan'da müzakere edilen kanun kabul edildi.,osmanlica,variation_osmanlica
Mekteb-i tıbbiye-i şahane'de tahsil görmüş idi.,osmanlica,variation_osmanlica
Maliye nezareti'nden gelen tezkere okundu.,osmanlica,variation_osmanlica
Darülfünun'da ders veren müderris efendi geldi.,osmanlica,variation_osmanlica
Vakt-i seher olduğunda herkes uyanmış imiş.,osmanlica,variation_osmanlica
Vakt-i seher olduğunda herkes uyanmış imiş.,osmanlica,variation_osmanlica
Darülfünun'da ders veren müderris efendi geldi.,osmanlica,variation_osmanlica
Vakt-i seher olduğunda herkes uyanmış imiş.,osmanlica,variation_osmanlica
Devlet-i aliyye'nin emr-i şerifi mucibince hareket edildi.,osmanlica,variation_osmanlica
Mekteb-i tıbbiye-i şahane'de tahsil görmüş idi.,osmanlica,variation_osmanlica
Babıali'de vukua gelen müzakerat neticesinde karar verildi.,osmanlica,variation_osmanlica
Devlet-i aliyye'nin emr-i şerifi mucibince hareket edildi.,osmanlica,variation_osmanlica
Padişah-ı zaman efendimizin irade-i seniyyesi sadır oldu.,osmanlica,variation_osmanlica
Meclis-i mebusan'da müzakere edilen kanun kabul edildi.,osmanlica,variation_osmanlica
Serasker paşa hazretleri ordugâha teşrif ettiler.,osmanlica,variation_osmanlica
Padişah-ı zaman efendimizin irade-i seniyyesi sadır oldu.,osmanlica,variation_osmanlica
Mekteb-i tıbbiye-i şahane'de tahsil görmüş imiş.,osmanlica,variation_osmanlica
Devlet-i aliyye'nin emr-i şerifi mucibince hareket edildi.,osmanlica,variation_osmanlica
Mekteb-i tıbbiye-i şahane'de tahsil görmüş olmuş idi.,osmanlica,variation_osmanlica
Maliye nezareti'nden gelen tezkere okundu.,osmanlica,variation_osmanlica
Bu yevm hava pek hoş idi ve biz de gezintiye çıktuk.,osmanlica,variation_osmanlica
Darülfünun'da ders veren müderris efendi geldi.,osmanlica,variation_osmanlica
Babıali'de vukua gelen müzakerat neticesinde karar verildi.,osmanlica,variation_osmanlica
Maliye nezareti'nden gelen tezkere okundu.,osmanlica,variation_osmanlica
Meclis-i mebusan'da müzakere edilen kanun kabul edildi.,osmanlica,variation_osmanlica
Bu yevm hava pek hoş imiş ve biz de gezintiye çıktuk.,osmanlica,variation_osmanlica
Darülfünun'da ders veren müderris efendi geldi.,osmanlica,variation_osmanlica
Vakt-i seher olduğunda herkes uyanmış imiş.,osmanlica,variation_osmanlica
Serasker paşa hazretleri ordugâha teşrif ettiler.,osmanlica,variation_osmanlica
Padişah-ı zaman efendimizin irade-i seniyyesi sadır oldu.,osmanlica,variation_osmanlica
Bu yevm hava pek hoş imiş ve biz de gezintiye çıktuk.,osmanlica,variation_osmanlica
Babıali'de vukua gelen müzakerat neticesinde karar verildi.,osmanlica,variation_osmanlica
Maliye nezareti'nden gelen tezkere okundu.,osmanlica,variation_osmanlica
Devlet-i aliyye'nin emr-i şerifi mucibince hareket edildi.,osmanlica,variation_osmanlica
Mekteb-i tıbbiye-i şahane'de tahsil görmüş olmuş idi.,osmanlica,variation_osmanlica
Devlet-i aliyye'nin emr-i şerifi mucibince hareket edildi.,osmanlica,variation_osmanlica
Padişah-ı zaman efendimizin irade-i seniyyesi sadır oldu.,osmanlica,variation_osmanlica
Babıali'de vukua gelen müzakerat neticesinde karar verildi.,osmanlica,variation_osmanlica
Bu gün hava pek hoş imiş ve biz de gezintiye çıktuk.,osmanlica,variation_osmanlica
Padişah-ı zaman efendimizin irade-i seniyyesi sadır oldu.,osmanlica,variation_osmanlica
Meclis-i mebusan'da müzakere edilen kanun kabul edildi.,osmanlica,variation_osmanlica
Bu gün hava pek hoş olmuş idi ve biz de gezintiye çıktuk.,osmanlica,variation_osmanlica
Darülfünun'da ders veren müderris efendi geldi.,osmanlica,variation_osmanlica
Serasker paşa hazretleri ordugâha teşrif ettiler.,osmanlica,variation_osmanlica
Vakt-i seher olduğunda herkes uyanmış olmuş idi.,osmanlica,variation_osmanlica
Maliye nezareti'nden gelen tezkere okundu.,osmanlica,variation_osmanlica
Serasker paşa hazretleri ordugâha teşrif ettiler.,osmanlica,variation_osmanlica
Padişah-ı zaman efendimizin irade-i seniyyesi sadır oldu.,osmanlica,variation_osmanlica
Bu gün hava pek hoş imiş ve biz de gezintiye çıktuk.,osmanlica,variation_osmanlica
Vakt-i seher olduğunda herkes uyanmış idi.,osmanlica,variation_osmanlica
Maliye nezareti'nden gelen tezkere okundu.,osmanlica,variation_osmanlica
Padişah-ı zaman efendimizin irade-i seniyyesi sadır oldu.,osmanlica,variation_osmanlica
Babıali'de vukua gelen müzakerat neticesinde karar verildi.,osmanlica,variation_osmanlica
Padişah-ı zaman efendimizin irade-i seniyyesi sadır oldu.,osmanlica,variation_osmanlica
Darülfünun'da ders veren müderris efendi geldi.,osmanlica,variation_osmanlica
Darülfünun'da ders veren müderris efendi geldi.,osmanlica,variation_osmanlica
Meclis-i mebusan'da müzakere edilen kanun kabul edildi.,osmanlica,variation_osmanlica
Serasker paşa hazretleri ordugâha teşrif ettiler.,osmanlica,variation_osmanlica
Padişah-ı zaman efendimizin irade-i seniyyesi sadır oldu.,osmanlica,variation_osmanlica
Serasker paşa hazretleri ordugâha teşrif ettiler.,osmanlica,variation_osmanlica
Serasker paşa hazretleri ordugâha teşrif ettiler.,osmanlica,variation_osmanlica
Maliye nezareti'nden gelen tezkere okundu.,osmanlica,variation_osmanlica
Babıali'de vukua gelen müzakerat neticesinde karar verildi.,osmanlica,variation_osmanlica
Vakt-i seher olduğunda herkes uyanmış imiş.,osmanlica,variation_osmanlica
Meclis-i mebusan'da müzakere edilen kanun kabul edildi.,osmanlica,variation_osmanlica
Mekteb-i tıbbiye-i şahane'de tahsil görmüş idi.,osmanlica,variation_osmanlica
Devlet-i aliyye'nin emr-i şerifi mucibince hareket edildi.,osmanlica,variation_osmanlica
Bu yevm hava pek hoş imiş ve biz de gezintiye çıktuk.,osmanlica,variation_osmanlica
Babıali'de vukua gelen müzakerat neticesinde karar verildi.,osmanlica,variation_osmanlica
Meclis-i mebusan'da müzakere edilen kanun kabul edildi.,osmanlica,variation_osmanlica
Padişah-ı zaman efendimizin irade-i seniyyesi sadır oldu.,osmanlica,variation_osmanlica
Babıali'de vukua gelen müzakerat neticesinde karar verildi.,osmanlica,variation_osmanlica
Devlet-i aliyye'nin emr-i şerifi mucibince hareket edildi.,osmanlica,variation_osmanlica
Babıali'de vukua gelen müzakerat neticesinde karar verildi.,osmanlica,variation_osmanlica
Padişah-ı zaman efendimizin irade-i seniyyesi sadır oldu.,osmanlica,variation_osmanlica
Devlet-i aliyye'nin emr-i şerifi mucibince hareket edildi.,osmanlica,variation_osmanlica
Serasker paşa hazretleri ordugâha teşrif ettiler.,osmanlica,variation_osmanlica
Bu yevm hava pek hoş olmuş idi ve biz de gezintiye çıktuk.,osmanlica,variation_osmanlica
Meclis-i mebusan'da müzakere edilen kanun kabul edildi.,osmanlica,variation_osmanlica
Darülfünun'da ders veren müderris efendi geldi.,osmanlica,variation_osmanlica
Meclis-i mebusan'da müzakere edilen kanun kabul edildi.,osmanlica,variation_osmanlica
Darülfünun'da ders veren müderris efendi geldi.,osmanlica,variation_osmanlica
Serasker paşa hazretleri ordugâha teşrif ettiler.,osmanlica,variation_osmanlica
Devlet-i aliyye'nin emr-i şerifi mucibince hareket edildi.,osmanlica,variation_osmanlica
Vakt-i seher olduğunda herkes uyanmış imiş.,osmanlica,variation_osmanlica
Maliye nezareti'nden gelen tezkere okundu.,osmanlica,variation_osmanlica
Bu gün hava pek hoş imiş ve biz de gezintiye çıktuk.,osmanlica,variation_osmanlica
Meclis-i mebusan'da müzakere edilen kanun kabul edildi.,osmanlica,variation_osmanlica
Padişah-ı zaman efendimizin irade-i seniyyesi sadır oldu.,osmanlica,variation_osmanlica
Padişah-ı zaman efendimizin irade-i seniyyesi sadır oldu.,osmanlica,variation_osmanlica
Babıali'de vukua gelen müzakerat neticesinde karar verildi.,osmanlica,variation_osmanlica
Mekteb-i tıbbiye-i şahane'de tahsil görmüş olmuş idi.,osmanlica,variation_osmanlica
Devlet-i aliyye'nin emr-i şerifi mucibince hareket edildi.,osmanlica,variation_osmanlica
Padişah-ı zaman efendimizin irade-i seniyyesi sadır oldu.,osmanlica,variation_osmanlica
Babıali'de vukua gelen müzakerat neticesinde karar verildi.,osmanlica,variation_osmanlica
Serasker paşa hazretleri ordugâha teşrif ettiler.,osmanlica,variation_osmanlica
Maliye nezareti'nden gelen tezkere okundu.,osmanlica,variation_osmanlica
Darülfünun'da ders veren müderris efendi geldi.,osmanlica,variation_osmanlica
Serasker paşa hazretleri ordugâha teşrif ettiler.,osmanlica,variation_osmanlica
Darülfünun'da ders veren müderris efendi geldi.,osmanlica,variation_osmanlica
Babıali'de vukua gelen müzakerat neticesinde karar verildi.,osmanlica,variation_osmanlica
Bu gün hava pek hoş idi ve biz de gezintiye çıktuk.,osmanlica,variation_osmanlica
Babıali'de vukua gelen müzakerat neticesinde karar verildi.,osmanlica,variation_osmanlica
Maliye nezareti'nden gelen tezkere okundu.,osmanlica,variation_osmanlica
Maliye nezareti'nden gelen tezkere okundu.,osmanlica,variation_osmanlica
Devlet-i aliyye'nin emr-i şerifi mucibince hareket edildi.,osmanlica,variation_osmanlica
Meclis-i mebusan'da müzakere edilen kanun kabul edildi.,osmanlica,variation_osmanlica
Serasker paşa hazretleri ordugâha teşrif ettiler.,osmanlica,variation_osmanlica
Maliye nezareti'nden gelen tezkere okundu.,osmanlica,variation_osmanlica
Vakt-i seher olduğunda herkes uyanmış olmuş idi.,osmanlica,variation_osmanlica
Maliye nezareti'nden gelen tezkere okundu.,osmanlica,variation_osmanlica
Darülfünun'da ders veren müderris efendi geldi.,osmanlica,variation_osmanlica
Meclis-i mebusan'da müzakere edilen kanun kabul edildi.,osmanlica,variation_osmanlica
Babıali'de vukua gelen müzakerat neticesinde karar verildi.,osmanlica,variation_osmanlica
Bu yevm hava pek hoş idi ve biz de gezintiye çıktuk.,osmanlica,variation_osmanlica
Devlet-i aliyye'nin emr-i şerifi mucibince hareket edildi.,osmanlica,variation_osmanlica
Maliye nezareti'nden gelen tezkere okundu.,osmanlica,variation_osmanlica
Darülfünun'da ders veren müderris efendi geldi.,osmanlica,variation_osmanlica
Mekteb-i tıbbiye-i şahane'de tahsil görmüş olmuş idi.,osmanlica,variation_osmanlica
Babıali'de vukua gelen müzakerat neticesinde karar verildi.,osmanlica,variation_osmanlica
Serasker paşa hazretleri ordugâha teşrif ettiler.,osmanlica,variation_osmanlica
Mekteb-i tıbbiye-i şahane'de tahsil görmüş imiş.,osmanlica,variation_osmanlica
Darülfünun'da ders veren müderris efendi geldi.,osmanlica,variation_osmanlica
Devlet-i aliyye'nin emr-i şerifi mucibince hareket edildi.,osmanlica,variation_osmanlica
Darülfünun'da ders veren müderris efendi geldi.,osmanlica,variation_osmanlica
Darülfünun'da ders veren müderris efendi geldi.,osmanlica,variation_osmanlica
Babıali'de vukua gelen müzakerat neticesinde karar verildi.,osmanlica,variation_osmanlica
Meclis-i mebusan'da müzakere edilen kanun kabul edildi.,osmanlica,variation_osmanlica
Babıali'de vukua gelen müzakerat neticesinde karar verildi.,osmanlica,variation_osmanlica
Meclis-i mebusan'da müzakere edilen kanun kabul edildi.,osmanlica,variation_osmanlica
Bu yevm hava pek hoş imiş ve biz de gezintiye çıktuk.,osmanlica,variation_osmanlica
Vakt-i seher olduğunda herkes uyanmış idi.,osmanlica,variation_osmanlica
Babıali'de vukua gelen müzakerat neticesinde karar verildi.,osmanlica,variation_osmanlica
Devlet-i aliyye'nin emr-i şerifi mucibince hareket edildi.,osmanlica,variation_osmanlica
Babıali'de vukua gelen müzakerat neticesinde karar verildi.,osmanlica,variation_osmanlica
Meclis-i mebusan'da müzakere edilen kanun kabul edildi.,osmanlica,variation_osmanlica
Padişah-ı zaman efendimizin irade-i seniyyesi sadır oldu.,osmanlica,variation_osmanlica
Mekteb-i tıbbiye-i şahane'de tahsil görmüş olmuş idi.,osmanlica,variation_osmanlica
Bu yevm hava pek hoş imiş ve biz de gezintiye çıktuk.,osmanlica,variation_osmanlica
Maliye nezareti'nden gelen tezkere okundu.,osmanlica,variation_osmanlica
Vakt-i seher olduğunda herkes uyanmış imiş.,osmanlica,variation_osmanlica
Devlet-i aliyye'nin emr-i şerifi mucibince hareket edildi.,osmanlica,variation_osmanlica
Mekteb-i tıbbiye-i şahane'de tahsil görmüş olmuş idi.,osmanlica,variation_osmanlica
Padişah-ı zaman efendimizin irade-i seniyyesi sadır oldu.,osmanlica,variation_osmanlica
Vakt-i seher olduğunda herkes uyanmış olmuş idi.,osmanlica,variation_osmanlica
Serasker paşa hazretleri ordugâha teşrif ettiler.,osmanlica,variation_osmanlica
Devlet-i aliyye'nin emr-i şerifi mucibince hareket edildi.,osmanlica,variation_osmanlica
Maliye nezareti'nden gelen tezkere okundu.,osmanlica,variation_osmanlica
Padişah-ı zaman efendimizin irade-i seniyyesi sadır oldu.,osmanlica,variation_osmanlica
Darülfünun'da ders veren müderris efendi geldi.,osmanlica,variation_osmanlica
Darülfünun'da ders veren müderris efendi geldi.,osmanlica,variation_osmanlica
Darülfünun'da ders veren müderris efendi geldi.,osmanlica,variation_osmanlica
Bu yevm hava pek hoş imiş ve biz de gezintiye çıktuk.,osmanlica,variation_osmanlica
Babıali'de vukua gelen müzakerat neticesinde karar verildi.,osmanlica,variation_osmanlica
Padişah-ı zaman efendimizin irade-i seniyyesi sadır oldu.,osmanlica,variation_osmanlica
Meclis-i mebusan'da müzakere edilen kanun kabul edildi.,osmanlica,variation_osmanlica
Vakt-i seher olduğunda herkes uyanmış imiş.,osmanlica,variation_osmanlica
Vakt-i seher olduğunda herkes uyanmış olmuş idi.,osmanlica,variation_osmanlica
Serasker paşa hazretleri ordugâha teşrif ettiler.,osmanlica,variation_osmanlica
Vakt-i seher olduğunda herkes uyanmış idi.,osmanlica,variation_osmanlica
Vakt-i seher olduğunda herkes uyanmış imiş.,osmanlica,variation_osmanlica
Devlet-i aliyye'nin emr-i şerifi mucibince hareket edildi.,osmanlica,variation_osmanlica
Meclis-i mebusan'da müzakere edilen kanun kabul edildi.,osmanlica,variation_osmanlica
Babıali'de vukua gelen müzakerat neticesinde karar verildi.,osmanlica,variation_osmanlica
Darülfünun'da ders veren müderris efendi geldi.,osmanlica,variation_osmanlica
Babıali'de vukua gelen müzakerat neticesinde karar verildi.,osmanlica,variation_osmanlica
Meclis-i mebusan'da müzakere edilen kanun kabul edildi.,osmanlica,variation_osmanlica
Devlet-i aliyye'nin emr-i şerifi mucibince hareket edildi.,osmanlica,variation_osmanlica
Devlet-i aliyye'nin emr-i şerifi mucibince hareket edildi.,osmanlica,variation_osmanlica
Mekteb-i tıbbiye-i şahane'de tahsil görmüş imiş.,osmanlica,variation_osmanlica
Babıali'de vukua gelen müzakerat neticesinde karar verildi.,osmanlica,variation_osmanlica
Meclis-i mebusan'da müzakere edilen kanun kabul edildi.,osmanlica,variation_osmanlica
Meclis-i mebusan'da müzakere edilen kanun kabul edildi.,osmanlica,variation_osmanlica
"Sınavlar yawklaşıyor, baya stresli dönem başlıyor abi.",sosyal,variation_sosyal
"Bu oyun süper sarıyor abi, bırakamıyorum artık.",sosyal,variation_sosyal
"Bu dizi balan sürükleyici ya, bir bölüm izliyorum diğeri başlıyor.",sosyal,variation_sosyal
"Hava balan iyi, dışarı çıkalım biraz dolaşalım ya.",sosyal,variation_sosyal
"Abi aşırı harika bir konser olmuş, müthiş eğlendik lan.",sosyal,variation_sosyal
"Bu oyun baabi sarıyor abi, bırakamıyorum artık.",sosyal,variation_sosyal
"Arkadaşlarla buluştuk, süper bir gün geçirdik lan.",sosyal,variation_sosyal
Bu dersi geçmek için süper çalışmak gerekiyor abiv.,sosyal,variation_sosyal
"Bu film baabi iyi ya, kesinlikle izleyin bence.",sosyal,variation_sosyal
Bu dersi geçmek için süper çalışmak gerekiyor yawv.,sosyal,variation_sosyal
"Canım aşırı sıkıldı, bir şeyler lanpalım hadi ya.",sosyal,variation_sosyal
"Canım süper sıkıldı, bir şeyler yawpalım hadi ya.",sosyal,variation_sosyal
"Bu dizi süper sürükleyici lan, bir bölüm izliyorum diğeri başlıyor.",sosyal,variation_sosyal
"Bu oyun aşırı sarıyor abi, bırakamıyorum artık.",sosyal,variation_sosyal
"Hava bayaw harika, dışarı çıkalım biraz dolaşalım ya.",sosyal,variation_sosyal
"Bu dizi süper sürükleyici abi, bir bölüm izliyorum diğeri başlıyor.",sosyal,variation_sosyal
"Abi aşırı harika bir konser olmuş, müthiş eğlendik lan.",sosyal,variation_sosyal
"Sınavlar abiklaşıyor, aşırı stresli dönem başlıyor abi.",sosyal,variation_sosyal
"Arkadaşlarla buluştuk, süper bir gün geçirdik lan.",sosyal,variation_sosyal
"Bu oyun aşırı sarıyor abi, bırakamıyorum artık.",sosyal,variation_sosyal
"Bu oyun aşırı sarıyor abi, bırakamıyorum artık.",sosyal,variation_sosyal
"Bu dizi aşırı sürükleyici yaw, bir bölüm izliyorum diğeri başlıyor.",sosyal,variation_sosyal
"Bu film bayaw iyi ya, kesinlikle izleyin bence.",sosyal,variation_sosyal
"Hava süper iyi, dışarı çıkalım biraz dolaşalım yaw.",sosyal,variation_sosyal
"Bu dizi baabi sürükleyici ya, bir bölüm izliyorum diğeri başlıyor.",sosyal,variation_sosyal
"Bu oyun aşırı sarıyor abi, bırakamıyorum artık.",sosyal,variation_sosyal
"Bu film balan iyi ya, kesinlikle izleyin bence.",sosyal,variation_sosyal
Bu restoran balan pahalı ama yemekleri süper iyi.,sosyal,variation_sosyal
"Canım baabi sıkıldı, bir şeyler yapalım hadi ya.",sosyal,variation_sosyal
Bu restoran bayaw pahalı ama yemekleri süper iyi.,sosyal,variation_sosyal
"Canım aşırı sıkıldı, bir şeyler yawpalım hadi ya.",sosyal,variation_sosyal
"Hava aşırı iyi, dışarı çıkalım biraz dolaşalım lan.",sosyal,variation_sosyal
"Abi süper mükemmel bir konser olmuş, müthiş eğlendik lan.",sosyal,variation_sosyal
"Hava süper iyi, dışarı çıkalım biraz dolaşalım lan.",sosyal,variation_sosyal
"Bu dizi bayaw sürükleyici ya, bir bölüm izliyorum diğeri başlıyor.",sosyal,variation_sosyal
"Bu dizi aşırı sürükleyici lan, bir bölüm izliyorum diğeri başlıyor.",sosyal,variation_sosyal
"Bu film bayaw iyi ya, kesinlikle izleyin bence.",sosyal,variation_sosyal
"Bu oyun süper sarıyor abi, bırakamıyorum artık.",sosyal,variation_sosyal
"Canım süper sıkıldı, bir şeyler yawpalım hadi ya.",sosyal,variation_sosyal
"Canım aşırı sıkıldı, bir şeyler lanpalım hadi ya.",sosyal,variation_sosyal
Bu dersi geçmek için süper çalışmak gerekiyor yawv.,sosyal,variation_sosyal
"Bu dizi aşırı sürükleyici lan, bir bölüm izliyorum diğeri başlıyor.",sosyal,variation_sosyal
"Bu oyun bayaw sarıyor abi, bırakamıyorum artık.",sosyal,variation_sosyal
"Arkadaşlarla buluştuk, süper bir gün geçirdik yaw.",sosyal,variation_sosyal
"Bu dizi süper sürükleyici yaw, bir bölüm izliyorum diğeri başlıyor.",sosyal,variation_sosyal
"Bu film bayaw iyi ya, kesinlikle izleyin bence.",sosyal,variation_sosyal
"Sınavlar lanklaşıyor, baya stresli dönem başlıyor abi.",sosyal,variation_sosyal
"Bu film bayaw iyi ya, kesinlikle izleyin bence.",sosyal,variation_sosyal
"Arkadaşlarla buluştuk, süper bir gün geçirdik yaw.",sosyal,variation_sosyal
"Abi süper harika bir konser olmuş, müthiş eğlendik lan.",sosyal,variation_sosyal
"Bu oyun süper sarıyor abi, bırakamıyorum artık.",sosyal,variation_sosyal
"Bu oyun aşırı sarıyor abi, bırakamıyorum artık.",sosyal,variation_sosyal
"Bu film bayaw iyi ya, kesinlikle izleyin bence.",sosyal,variation_sosyal
"Bu film bayaw iyi ya, kesinlikle izleyin bence.",sosyal,variation_sosyal
"Hava baabi iyi, dışarı çıkalım biraz dolaşalım ya.",sosyal,variation_sosyal
"Hava süper mükemmel, dışarı çıkalım biraz dolaşalım lan.",sosyal,variation_sosyal
Bu restoran bayaw pahalı ama yemekleri süper iyi.,sosyal,variation_sosyal
"Arkadaşlarla buluştuk, süper bir gün geçirdik yaw.",sosyal,variation_sosyal
"Arkadaşlarla buluştuk, süper bir gün geçirdik lan.",sosyal,variation_sosyal
Bu restoran balan pahalı ama yemekleri süper iyi.,sosyal,variation_sosyal
Bu dersi geçmek için aşırı çalışmak gerekiyor abiv.,sosyal,variation_sosyal
"Sınavlar yawklaşıyor, baya stresli dönem başlıyor abi.",sosyal,variation_sosyal
"Hava süper iyi, dışarı çıkalım biraz dolaşalım yaw.",sosyal,variation_sosyal
"Abi baabi harika bir konser olmuş, müthiş eğlendik lan.",sosyal,variation_sosyal
Bu restoran baabi pahalı ama yemekleri süper iyi.,sosyal,variation_sosyal
"Bu film bayaw iyi ya, kesinlikle izleyin bence.",sosyal,variation_sosyal
Bu restoran baabi pahalı ama yemekleri süper iyi.,sosyal,variation_sosyal
"Bu oyun aşırı sarıyor abi, bırakamıyorum artık.",sosyal,variation_sosyal
"Sınavlar abiklaşıyor, süper stresli dönem başlıyor abi.",sosyal,variation_sosyal
Bu dersi geçmek için süper çalışmak gerekiyor lanv.,sosyal,variation_sosyal
"Bu dizi süper sürükleyici lan, bir bölüm izliyorum diğeri başlıyor.",sosyal,variation_sosyal
Bu restoran baabi pahalı ama yemekleri süper iyi.,sosyal,variation_sosyal
"Sınavlar lanklaşıyor, baya stresli dönem başlıyor abi.",sosyal,variation_sosyal
"Arkadaşlarla buluştuk, süper bir gün geçirdik abi.",sosyal,variation_sosyal
"Hava aşırı harika, dışarı çıkalım biraz dolaşalım lan.",sosyal,variation_sosyal
"Canım bayaw sıkıldı, bir şeyler yapalım hadi ya.",sosyal,variation_sosyal
Bu restoran bayaw pahalı ama yemekleri süper iyi.,sosyal,variation_sosyal
Bu restoran balan pahalı ama yemekleri süper iyi.,sosyal,variation_sosyal
"Hava süper iyi, dışarı çıkalım biraz dolaşalım abi.",sosyal,variation_sosyal
"Sınavlar yawklaşıyor, süper stresli dönem başlıyor abi.",sosyal,variation_sosyal
"Abi süper harika bir konser olmuş, müthiş eğlendik lan.",sosyal,variation_sosyal
"Hava bayaw harika, dışarı çıkalım biraz dolaşalım ya.",sosyal,variation_sosyal
Bu restoran baabi pahalı ama yemekleri süper iyi.,sosyal,variation_sosyal
Bu restoran balan pahalı ama yemekleri süper iyi.,sosyal,variation_sosyal
Bu restoran baabi pahalı ama yemekleri süper iyi.,sosyal,variation_sosyal
"Abi süper harika bir konser olmuş, müthiş eğlendik lan.",sosyal,variation_sosyal
"Hava süper harika, dışarı çıkalım biraz dolaşalım lan.",sosyal,variation_sosyal
Bu dersi geçmek için baabi çalışmak gerekiyor yav.,sosyal,variation_sosyal
"Bu dizi süper sürükleyici abi, bir bölüm izliyorum diğeri başlıyor.",sosyal,variation_sosyal
Bu dersi geçmek için süper çalışmak gerekiyor abiv.,sosyal,variation_sosyal
"Bu oyun süper sarıyor abi, bırakamıyorum artık.",sosyal,variation_sosyal
"Bu dizi aşırı sürükleyici yaw, bir bölüm izliyorum diğeri başlıyor.",sosyal,variation_sosyal
"Canım baabi sıkıldı, bir şeyler yapalım hadi ya.",sosyal,variation_sosyal
Bu restoran balan pahalı ama yemekleri süper iyi.,sosyal,variation_sosyal
"Hava bayaw mükemmel, dışarı çıkalım biraz dolaşalım ya.",sosyal,variation_sosyal
"Canım süper sıkıldı, bir şeyler yawpalım hadi ya.",sosyal,variation_sosyal
"Bu film balan iyi ya, kesinlikle izleyin bence.",sosyal,variation_sosyal
"Bu dizi balan sürükleyici ya, bir bölüm izliyorum diğeri başlıyor.",sosyal,variation_sosyal
"Sınavlar lanklaşıyor, süper stresli dönem başlıyor abi.",sosyal,variation_sosyal
"Sınavlar lanklaşıyor, aşırı stresli dönem başlıyor abi.",sosyal,variation_sosyal
Bu dersi geçmek için aşırı çalışmak gerekiyor yawv.,sosyal,variation_sosyal
Bu dersi geçmek için aşırı çalışmak gerekiyor abiv.,sosyal,variation_sosyal
Bu dersi geçmek için aşırı çalışmak gerekiyor lanv.,sosyal,variation_sosyal
"Hava aşırı iyi, dışarı çıkalım biraz dolaşalım yaw.",sosyal,variation_sosyal
"Abi aşırı harika bir konser olmuş, müthiş eğlendik lan.",sosyal,variation_sosyal
"Bu oyun aşırı sarıyor abi, bırakamıyorum artık.",sosyal,variation_sosyal
Bu dersi geçmek için aşırı çalışmak gerekiyor lanv.,sosyal,variation_sosyal
"Abi aşırı harika bir konser olmuş, müthiş eğlendik lan.",sosyal,variation_sosyal
"Arkadaşlarla buluştuk, süper bir gün geçirdik abi.",sosyal,variation_sosyal
"Arkadaşlarla buluştuk, süper bir gün geçirdik lan.",sosyal,variation_sosyal
"Bu dizi baabi sürükleyici ya, bir bölüm izliyorum diğeri başlıyor.",sosyal,variation_sosyal
"Bu dizi balan sürükleyici ya, bir bölüm izliyorum diğeri başlıyor.",sosyal,variation_sosyal
"Arkadaşlarla buluştuk, süper bir gün geçirdik yaw.",sosyal,variation_sosyal
"Bu dizi balan sürükleyici ya, bir bölüm izliyorum diğeri başlıyor.",sosyal,variation_sosyal
"Hava süper mükemmel, dışarı çıkalım biraz dolaşalım yaw.",sosyal,variation_sosyal
"Abi aşırı harika bir konser olmuş, müthiş eğlendik lan.",sosyal,variation_sosyal
"Arkadaşlarla buluştuk, süper bir gün geçirdik abi.",sosyal,variation_sosyal
Bu dersi geçmek için baabi çalışmak gerekiyor yav.,sosyal,variation_sosyal
Bu restoran balan pahalı ama yemekleri süper iyi.,sosyal,variation_sosyal
Bu dersi geçmek için bayaw çalışmak gerekiyor yav.,sosyal,variation_sosyal
"Bu oyun aşırı sarıyor abi, bırakamıyorum artık.",sosyal,variation_sosyal
"Sınavlar abiklaşıyor, aşırı stresli dönem başlıyor abi.",sosyal,variation_sosyal
"Canım süper sıkıldı, bir şeyler abipalım hadi ya.",sosyal,variation_sosyal
"Arkadaşlarla buluştuk, süper bir gün geçirdik lan.",sosyal,variation_sosyal
"Sınavlar yawklaşıyor, baya stresli dönem başlıyor abi.",sosyal,variation_sosyal
"Bu oyun aşırı sarıyor abi, bırakamıyorum artık.",sosyal,variation_sosyal
"Abi süper harika bir konser olmuş, müthiş eğlendik lan.",sosyal,variation_sosyal
"Bu oyun süper sarıyor abi, bırakamıyorum artık.",sosyal,variation_sosyal
"Canım süper sıkıldı, bir şeyler abipalım hadi ya.",sosyal,variation_sosyal
"Abi bayaw mükemmel bir konser olmuş, müthiş eğlendik lan.",sosyal,variation_sosyal
Bu dersi geçmek için baabi çalışmak gerekiyor yav.,sosyal,variation_sosyal
"Bu oyun süper sarıyor abi, bırakamıyorum artık.",sosyal,variation_sosyal
"Arkadaşlarla buluştuk, süper bir gün geçirdik yaw.",sosyal,variation_sosyal
"Arkadaşlarla buluştuk, süper bir gün geçirdik yaw.",sosyal,variation_sosyal
"Bu dizi baabi sürükleyici ya, bir bölüm izliyorum diğeri başlıyor.",sosyal,variation_sosyal
"Arkadaşlarla buluştuk, süper bir gün geçirdik abi.",sosyal,variation_sosyal
"Canım balan sıkıldı, bir şeyler yapalım hadi ya.",sosyal,variation_sosyal
"Bu oyun süper sarıyor abi, bırakamıyorum artık.",sosyal,variation_sosyal
Bu restoran balan pahalı ama yemekleri süper iyi.,sosyal,variation_sosyal
"Canım süper sıkıldı, bir şeyler lanpalım hadi ya.",sosyal,variation_sosyal
"Sınavlar abiklaşıyor, baya stresli dönem başlıyor abi.",sosyal,variation_sosyal
"Hava baabi iyi, dışarı çıkalım biraz dolaşalım ya.",sosyal,variation_sosyal
"Arkadaşlarla buluştuk, süper bir gün geçirdik abi.",sosyal,variation_sosyal
"Sınavlar lanklaşıyor, süper stresli dönem başlıyor abi.",sosyal,variation_sosyal
"Bu dizi süper sürükleyici lan, bir bölüm izliyorum diğeri başlıyor.",sosyal,variation_sosyal
Bu dersi geçmek için süper çalışmak gerekiyor abiv.,sosyal,variation_sosyal
"Hava süper harika, dışarı çıkalım biraz dolaşalım yaw.",sosyal,variation_sosyal
"Arkadaşlarla buluştuk, süper bir gün geçirdik yaw.",sosyal,variation_sosyal
"Bu dizi aşırı sürükleyici abi, bir bölüm izliyorum diğeri başlıyor.",sosyal,variation_sosyal
Bu dersi geçmek için aşırı çalışmak gerekiyor yawv.,sosyal,variation_sosyal
"Canım balan sıkıldı, bir şeyler yapalım hadi ya.",sosyal,variation_sosyal
"Bu oyun süper sarıyor abi, bırakamıyorum artık.",sosyal,variation_sosyal
Bu dersi geçmek için aşırı çalışmak gerekiyor abiv.,sosyal,variation_sosyal
"Sınavlar lanklaşıyor, süper stresli dönem başlıyor abi.",sosyal,variation_sosyal
"Abi süper iyi bir konser olmuş, müthiş eğlendik lan.",sosyal,variation_sosyal
Bu restoran balan pahalı ama yemekleri süper iyi.,sosyal,variation_sosyal
"Bu dizi bayaw sürükleyici ya, bir bölüm izliyorum diğeri başlıyor.",sosyal,variation_sosyal
Bu restoran bayaw pahalı ama yemekleri süper iyi.,sosyal,variation_sosyal
"Bu dizi balan sürükleyici ya, bir bölüm izliyorum diğeri başlıyor.",sosyal,variation_sosyal
"Sınavlar lanklaşıyor, aşırı stresli dönem başlıyor abi.",sosyal,variation_sosyal
"Arkadaşlarla buluştuk, süper bir gün geçirdik yaw.",sosyal,variation_sosyal
Bu restoran baabi pahalı ama yemekleri süper iyi.,sosyal,variation_sosyal
Bu restoran baabi pahalı ama yemekleri süper iyi.,sosyal,variation_sosyal
"Abi bayaw harika bir konser olmuş, müthiş eğlendik lan.",sosyal,variation_sosyal
"Arkadaşlarla buluştuk, süper bir gün geçirdik yaw.",sosyal,variation_sosyal
Bu restoran balan pahalı ama yemekleri süper iyi.,sosyal,variation_sosyal
Bu restoran bayaw pahalı ama yemekleri süper iyi.,sosyal,variation_sosyal
"Arkadaşlarla buluştuk, süper bir gün geçirdik abi.",sosyal,variation_sosyal
"Bu dizi aşırı sürükleyici lan, bir bölüm izliyorum diğeri başlıyor.",sosyal,variation_sosyal
"Sınavlar yawklaşıyor, baya stresli dönem başlıyor abi.",sosyal,variation_sosyal
"Bu dizi aşırı sürükleyici yaw, bir bölüm izliyorum diğeri başlıyor.",sosyal,variation_sosyal
"Canım aşırı sıkıldı, bir şeyler lanpalım hadi ya.",sosyal,variation_sosyal
"Hava süper iyi, dışarı çıkalım biraz dolaşalım lan.",sosyal,variation_sosyal
"Bu dizi aşırı sürükleyici lan, bir bölüm izliyorum diğeri başlıyor.",sosyal,variation_sosyal
"Bu film baabi iyi ya, kesinlikle izleyin bence.",sosyal,variation_sosyal
"Sınavlar yawklaşıyor, süper stresli dönem başlıyor abi.",sosyal,variation_sosyal
"Bu film bayaw iyi ya, kesinlikle izleyin bence.",sosyal,variation_sosyal
"Hava aşırı mükemmel, dışarı çıkalım biraz dolaşalım lan.",sosyal,variation_sosyal
"Bu dizi süper sürükleyici lan, bir bölüm izliyorum diğeri başlıyor.",sosyal,variation_sosyal
Bu dersi geçmek için aşırı çalışmak gerekiyor abiv.,sosyal,variation_sosyal
Bu dersi geçmek için balan çalışmak gerekiyor yav.,sosyal,variation_sosyal
"Arkadaşlarla buluştuk, süper bir gün geçirdik yaw.",sosyal,variation_sosyal
Bu restoran balan pahalı ama yemekleri süper iyi.,sosyal,variation_sosyal
Bu dersi geçmek için aşırı çalışmak gerekiyor abiv.,sosyal,variation_sosyal
Bu dersi geçmek için balan çalışmak gerekiyor yav.,sosyal,variation_sosyal
"Abi süper mükemmel bir konser olmuş, müthiş eğlendik lan.",sosyal,variation_sosyal
"Abi süper iyi bir konser olmuş, müthiş eğlendik lan.",sosyal,variation_sosyal
"Bu film baabi iyi ya, kesinlikle izleyin bence.",sosyal,variation_sosyal
"Bu film baabi iyi ya, kesinlikle izleyin bence.",sosyal,variation_sosyal
"Sınavlar abiklaşıyor, süper stresli dönem başlıyor abi.",sosyal,variation_sosyal
"Çiftlikte işler iyi gidiyor, hamdolsun.",agiz,variation_agiz
"Çayımızı içelim de, biraz sohbet edelim ya.",agiz,variation_agiz
"Çiftlikte işler iyi gidiyor, hamdolsun.",agiz,variation_agiz
Bu akşam sinemaya gidelim mi canım?,agiz,variation_agiz
"Çiftlikte işler iyi gidiyor, hamdolsun.",agiz,variation_agiz
"Çayımızı içelim de, biraz sohbet edelim ya.",agiz,variation_agiz
"Bu gün ava baya hoş olmuş be, çıkalım dışarı.",agiz,variation_agiz
"Bu kış çok soğuk geçti, bahar gelse artık.",agiz,variation_agiz
"Bu gün ava baya iyi olmuş be, çıkalım dışarı.",agiz,variation_agiz
"Bu işi böyle yapmayalım da, başka türlü yapalım.",agiz,variation_agiz
"Çok hoş bir gün olmuş, keyfim yerinde.",agiz,variation_agiz
"Çok iyi bir gün olmuş, keyfim yerinde.",agiz,variation_agiz
"Bu kış baya soğuk geçti, bahar gelse artık.",agiz,variation_agiz
"Bu gün ava çok iyi olmuş ya, çıkalım dışarı.",agiz,variation_agiz
"Bu yemek çok lezzetli olmuş, afiyet olsun.",agiz,variation_agiz
Bu akşam sinemaya gidelim mi canım?,agiz,variation_agiz
Bu akşam sinemaya gidelim mi canım?,agiz,variation_agiz
"Çiftlikte işler iyi gidiyor, hamdolsun.",agiz,variation_agiz
"Bu kış baya soğuk geçti, bahar gelse artık.",agiz,variation_agiz
"Çayımızı içelim de, biraz sohbet edelim ya.",agiz,variation_agiz
"Çok hoş bir gün olmuş, keyfim yerinde.",agiz,variation_agiz
"Bu kış çok soğuk geçti, bahar gelse artık.",agiz,variation_agiz
"Bu gün ava çok iyi olmuş be, çıkalım dışarı.",agiz,variation_agiz
"Bu işi nasıl yapacağız ki, biri yardım etsin be.",agiz,variation_agiz
"Çok hoş meyve olmuş, alalım biraz eve.",agiz,variation_agiz
"Bu gün ava baya iyi olmuş ya, çıkalım dışarı.",agiz,variation_agiz
"Çiftlikte işler iyi gidiyor, hamdolsun.",agiz,variation_agiz
Bu akşam sinemaya gidelim mi canım?,agiz,variation_agiz
Bu akşam sinemaya gidelim mi canım?,agiz,variation_agiz
"Bu gün ava baya iyi olmuş ya, çıkalım dışarı.",agiz,variation_agiz
"Bu işi böyle yapmayalım da, başka türlü yapalım.",agiz,variation_agiz
"Bu işi böyle yapmayalım da, başka türlü yapalım.",agiz,variation_agiz
"Çayımızı içelim de, biraz sohbet edelim ya.",agiz,variation_agiz
"Çayımızı içelim de, biraz sohbet edelim ya.",agiz,variation_agiz
"Bu işi böyle yapmayalım da, başka türlü yapalım.",agiz,variation_agiz
"Bu yemek çok lezzetli olmuş, afiyet olsun.",agiz,variation_agiz
"Çok iyi bir gün olmuş, keyfim yerinde.",agiz,variation_agiz
"Çayımızı içelim de, biraz sohbet edelim ya.",agiz,variation_agiz
"Bu yemek çok lezzetli olmuş, afiyet olsun.",agiz,variation_agiz
"Bu kış çok soğuk geçti, bahar gelse artık.",agiz,variation_agiz
"Bu işi nasıl yapacağız ki, biri yardım etsin be.",agiz,variation_agiz
"Çiftlikte işler iyi gidiyor, hamdolsun.",agiz,variation_agiz
"Çiftlikte işler iyi gidiyor, hamdolsun.",agiz,variation_agiz
"Çiftlikte işler iyi gidiyor, hamdolsun.",agiz,variation_agiz
"Çok hoş meyve olmuş, alalım biraz eve.",agiz,variation_agiz
"Çiftlikte işler iyi gidiyor, hamdolsun.",agiz,variation_agiz
"Bu yemek baya lezzetli olmuş, afiyet olsun.",agiz,variation_agiz
Bu akşam sinemaya gidelim mi canım?,agiz,variation_agiz
"Bu yemek baya lezzetli olmuş, afiyet olsun.",agiz,variation_agiz
"Bu yemek çok lezzetli olmuş, afiyet olsun.",agiz,variation_agiz
"Bu işi nasıl yapacağız ki, biri yardım etsin ya.",agiz,variation_agiz
"Bu işi nasıl yapacağız ki, biri yardım etsin ya.",agiz,variation_agiz
"Bu yemek baya lezzetli olmuş, afiyet olsun.",agiz,variation_agiz
"Çayımızı içelim de, biraz sohbet edelim ya.",agiz,variation_agiz
"Bu işi nasıl yapacağız ki, biri yardım etsin be.",agiz,variation_agiz
"Çiftlikte işler iyi gidiyor, hamdolsun.",agiz,variation_agiz
"Bu gün ava çok hoş olmuş ya, çıkalım dışarı.",agiz,variation_agiz
"Bu gün ava baya iyi olmuş ya, çıkalım dışarı.",agiz,variation_agiz
"Çiftlikte işler iyi gidiyor, hamdolsun.",agiz,variation_agiz
"Çiftlikte işler iyi gidiyor, hamdolsun.",agiz,variation_agiz
"Bu işi nasıl yapacağız ki, biri yardım etsin ya.",agiz,variation_agiz
"Çok iyi meyve olmuş, alalım biraz eve.",agiz,variation_agiz
"Bu kış çok soğuk geçti, bahar gelse artık.",agiz,variation_agiz
"Bu işi nasıl yapacağız ki, biri yardım etsin be.",agiz,variation_agiz
"Bu işi böyle yapmayalım da, başka türlü yapalım.",agiz,variation_agiz
"Bu işi böyle yapmayalım da, başka türlü yapalım.",agiz,variation_agiz
"Bu yemek çok lezzetli olmuş, afiyet olsun.",agiz,variation_agiz
"Bu kış baya soğuk geçti, bahar gelse artık.",agiz,variation_agiz
"Bu yemek çok lezzetli olmuş, afiyet olsun.",agiz,variation_agiz
"Bu gün ava baya hoş olmuş ya, çıkalım dışarı.",agiz,variation_agiz
"Bu işi böyle yapmayalım da, başka türlü yapalım.",agiz,variation_agiz
"Çiftlikte işler iyi gidiyor, hamdolsun.",agiz,variation_agiz
"Bu işi böyle yapmayalım da, başka türlü yapalım.",agiz,variation_agiz
"Bu işi böyle yapmayalım da, başka türlü yapalım.",agiz,variation_agiz
"Çok hoş bir gün olmuş, keyfim yerinde.",agiz,variation_agiz
"Çayımızı içelim de, biraz sohbet edelim ya.",agiz,variation_agiz
"Çiftlikte işler iyi gidiyor, hamdolsun.",agiz,variation_agiz
"Çok hoş bir gün olmuş, keyfim yerinde.",agiz,variation_agiz
"Bu kış baya soğuk geçti, bahar gelse artık.",agiz,variation_agiz
"Çayımızı içelim de, biraz sohbet edelim ya.",agiz,variation_agiz
"Bu yemek çok lezzetli olmuş, afiyet olsun.",agiz,variation_agiz
"Bu yemek baya lezzetli olmuş, afiyet olsun.",agiz,variation_agiz
"Çok hoş meyve olmuş, alalım biraz eve.",agiz,variation_agiz
"Bu yemek çok lezzetli olmuş, afiyet olsun.",agiz,variation_agiz
"Çayımızı içelim de, biraz sohbet edelim ya.",agiz,variation_agiz
"Çok hoş meyve olmuş, alalım biraz eve.",agiz,variation_agiz
"Çok iyi bir gün olmuş, keyfim yerinde.",agiz,variation_agiz
"Bu yemek baya lezzetli olmuş, afiyet olsun.",agiz,variation_agiz
"Çok hoş bir gün olmuş, keyfim yerinde.",agiz,variation_agiz
"Bu işi nasıl yapacağız ki, biri yardım etsin be.",agiz,variation_agiz
"Çok hoş bir gün olmuş, keyfim yerinde.",agiz,variation_agiz
"Çok hoş meyve olmuş, alalım biraz eve.",agiz,variation_agiz
"Bu gün ava çok hoş olmuş ya, çıkalım dışarı.",agiz,variation_agiz
"Bu işi nasıl yapacağız ki, biri yardım etsin be.",agiz,variation_agiz
"Çok iyi bir gün olmuş, keyfim yerinde.",agiz,variation_agiz
"Çok hoş bir gün olmuş, keyfim yerinde.",agiz,variation_agiz
"Bu yemek çok lezzetli olmuş, afiyet olsun.",agiz,variation_agiz
Bu akşam sinemaya gidelim mi canım?,agiz,variation_agiz
"Çiftlikte işler iyi gidiyor, hamdolsun.",agiz,variation_agiz
"Çok hoş bir gün olmuş, keyfim yerinde.",agiz,variation_agiz
"Bu işi böyle yapmayalım da, başka türlü yapalım.",agiz,variation_agiz
"Çok iyi meyve olmuş, alalım biraz eve.",agiz,variation_agiz
"Bu yemek baya lezzetli olmuş, afiyet olsun.",agiz,variation_agiz
"Bu kış baya soğuk geçti, bahar gelse artık.",agiz,variation_agiz
"Bu yemek baya lezzetli olmuş, afiyet olsun.",agiz,variation_agiz
"Bu işi böyle yapmayalım da, başka türlü yapalım.",agiz,variation_agiz
"Bu işi böyle yapmayalım da, başka türlü yapalım.",agiz,variation_agiz
"Çok iyi bir gün olmuş, keyfim yerinde.",agiz,variation_agiz
"Bu kış çok soğuk geçti, bahar gelse artık.",agiz,variation_agiz
"Çok iyi meyve olmuş, alalım biraz eve.",agiz,variation_agiz
"Bu kış çok soğuk geçti, bahar gelse artık.",agiz,variation_agiz
"Bu gün ava baya iyi olmuş be, çıkalım dışarı.",agiz,variation_agiz
"Bu yemek baya lezzetli olmuş, afiyet olsun.",agiz,variation_agiz
"Bu işi nasıl yapacağız ki, biri yardım etsin ya.",agiz,variation_agiz
Bu akşam sinemaya gidelim mi canım?,agiz,variation_agiz
Bu akşam sinemaya gidelim mi canım?,agiz,variation_agiz
Bu akşam sinemaya gidelim mi canım?,agiz,variation_agiz
"Çok iyi bir gün olmuş, keyfim yerinde.",agiz,variation_agiz
"Çok iyi meyve olmuş, alalım biraz eve.",agiz,variation_agiz
"Bu kış baya soğuk geçti, bahar gelse artık.",agiz,variation_agiz
"Bu işi nasıl yapacağız ki, biri yardım etsin be.",agiz,variation_agiz
"Çok iyi meyve olmuş, alalım biraz eve.",agiz,variation_agiz
Bu akşam sinemaya gidelim mi canım?,agiz,variation_agiz
"Çok iyi bir gün olmuş, keyfim yerinde.",agiz,variation_agiz
"Çiftlikte işler iyi gidiyor, hamdolsun.",agiz,variation_agiz
"Çayımızı içelim de, biraz sohbet edelim ya.",agiz,variation_agiz
"Bu yemek çok lezzetli olmuş, afiyet olsun.",agiz,variation_agiz
"Bu işi nasıl yapacağız ki, biri yardım etsin ya.",agiz,variation_agiz
"Bu gün ava çok hoş olmuş be, çıkalım dışarı.",agiz,variation_agiz
"Bu kış çok soğuk geçti, bahar gelse artık.",agiz,variation_agiz
"Bu gün ava çok iyi olmuş ya, çıkalım dışarı.",agiz,variation_agiz
"Çayımızı içelim de, biraz sohbet edelim ya.",agiz,variation_agiz
Bu akşam sinemaya gidelim mi canım?,agiz,variation_agiz
"Bu kış baya soğuk geçti, bahar gelse artık.",agiz,variation_agiz
"Bu işi nasıl yapacağız ki, biri yardım etsin ya.",agiz,variation_agiz
Bu akşam sinemaya gidelim mi canım?,agiz,variation_agiz
"Çayımızı içelim de, biraz sohbet edelim ya.",agiz,variation_agiz
"Bu gün ava baya iyi olmuş be, çıkalım dışarı.",agiz,variation_agiz
"Çayımızı içelim de, biraz sohbet edelim ya.",agiz,variation_agiz
"Bu gün ava çok iyi olmuş ya, çıkalım dışarı.",agiz,variation_agiz
"Çiftlikte işler iyi gidiyor, hamdolsun.",agiz,variation_agiz
"Bu kış çok soğuk geçti, bahar gelse artık.",agiz,variation_agiz
"Çok hoş meyve olmuş, alalım biraz eve.",agiz,variation_agiz
"Çiftlikte işler iyi gidiyor, hamdolsun.",agiz,variation_agiz
"Çayımızı içelim de, biraz sohbet edelim ya.",agiz,variation_agiz
"Bu kış çok soğuk geçti, bahar gelse artık.",agiz,variation_agiz
"Çayımızı içelim de, biraz sohbet edelim ya.",agiz,variation_agiz
"Bu işi böyle yapmayalım da, başka türlü yapalım.",agiz,variation_agiz
"Bu yemek baya lezzetli olmuş, afiyet olsun.",agiz,variation_agiz
"Bu işi nasıl yapacağız ki, biri yardım etsin be.",agiz,variation_agiz
"Bu işi böyle yapmayalım da, başka türlü yapalım.",agiz,variation_agiz
Bu akşam sinemaya gidelim mi canım?,agiz,variation_agiz
"Bu işi nasıl yapacağız ki, biri yardım etsin be.",agiz,variation_agiz
"Çayımızı içelim de, biraz sohbet edelim ya.",agiz,variation_agiz
"Bu gün ava çok hoş olmuş be, çıkalım dışarı.",agiz,variation_agiz
"Bu kış baya soğuk geçti, bahar gelse artık.",agiz,variation_agiz
"Bu gün ava baya iyi olmuş ya, çıkalım dışarı.",agiz,variation_agiz
"Çok hoş meyve olmuş, alalım biraz eve.",agiz,variation_agiz
"Çiftlikte işler iyi gidiyor, hamdolsun.",agiz,variation_agiz
"Bu gün ava çok iyi olmuş be, çıkalım dışarı.",agiz,variation_agiz
"Çiftlikte işler iyi gidiyor, hamdolsun.",agiz,variation_agiz
"Çayımızı içelim de, biraz sohbet edelim ya.",agiz,variation_agiz
Bu akşam sinemaya gidelim mi canım?,agiz,variation_agiz
Bu akşam sinemaya gidelim mi canım?,agiz,variation_agiz
"Bu işi böyle yapmayalım da, başka türlü yapalım.",agiz,variation_agiz
"Bu yemek çok lezzetli olmuş, afiyet olsun.",agiz,variation_agiz
"Bu işi nasıl yapacağız ki, biri yardım etsin ya.",agiz,variation_agiz
"Bu yemek çok lezzetli olmuş, afiyet olsun.",agiz,variation_agiz
"Çayımızı içelim de, biraz sohbet edelim ya.",agiz,variation_agiz
"Bu işi nasıl yapacağız ki, biri yardım etsin ya.",agiz,variation_agiz
"Bu kış baya soğuk geçti, bahar gelse artık.",agiz,variation_agiz
"Bu işi böyle yapmayalım da, başka türlü yapalım.",agiz,variation_agiz
"Bu işi nasıl yapacağız ki, biri yardım etsin ya.",agiz,variation_agiz
"Çayımızı içelim de, biraz sohbet edelim ya.",agiz,variation_agiz
Bu akşam sinemaya gidelim mi canım?,agiz,variation_agiz
"Çok iyi bir gün olmuş, keyfim yerinde.",agiz,variation_agiz
"Bu işi böyle yapmayalım da, başka türlü yapalım.",agiz,variation_agiz
"Çok iyi meyve olmuş, alalım biraz eve.",agiz,variation_agiz
"Çiftlikte işler iyi gidiyor, hamdolsun.",agiz,variation_agiz
"Çiftlikte işler iyi gidiyor, hamdolsun.",agiz,variation_agiz
"Çok iyi meyve olmuş, alalım biraz eve.",agiz,variation_agiz
"Çok hoş bir gün olmuş, keyfim yerinde.",agiz,variation_agiz
"Çiftlikte işler iyi gidiyor, hamdolsun.",agiz,variation_agiz
"Bu işi böyle yapmayalım da, başka türlü yapalım.",agiz,variation_agiz
"Çayımızı içelim de, biraz sohbet edelim ya.",agiz,variation_agiz
"Bu kış çok soğuk geçti, bahar gelse artık.",agiz,variation_agiz
"Bu gün ava çok hoş olmuş be, çıkalım dışarı.",agiz,variation_agiz
"Çayımızı içelim de, biraz sohbet edelim ya.",agiz,variation_agiz
"Bu işi nasıl yapacağız ki, biri yardım etsin be.",agiz,variation_agiz
"Çiftlikte işler iyi gidiyor, hamdolsun.",agiz,variation_agiz
